userId,full_name,email,password
user_001,Urvi Digambar,urvi.digambar001@example.com,User@1234
user_002,Piya Digambar,piya.digambar002@example.com,User@1234
user_003,Aayush Patel,aayush.patel003@example.com,User@1234
user_004,Inaaya  Krishna,inaaya.krishna004@example.com,User@1234
user_005,Uthkarsh Rajagopalan,uthkarsh.rajagopalan005@example.com,User@1234
user_006,Nishith Khatri,nishith.khatri006@example.com,User@1234
user_007,Jayan Shwetambar,jayan.shwetambar007@example.com,User@1234
user_008,Onkar Syrian Catholic,onkar.syrian008@example.com,User@1234
user_009,Anay Comar,anay.comar009@example.com,User@1234
user_010,Ojas Jat Sikh,ojas.jat010@example.com,User@1234
user_011,Akarsh Venkatesh,akarsh.venkatesh011@example.com,User@1234
user_012,Kismat Protestant,kismat.protestant012@example.com,User@1234
user_013,Dhruv Bala,dhruv.bala013@example.com,User@1234
user_014,Elakshi Shwetambar,elakshi.shwetambar014@example.com,User@1234
user_015,Lakshay Sharma,lakshay.sharma015@example.com,User@1234
user_016,Damini Patel,damini.patel016@example.com,User@1234
user_017,Pari Syrian Catholic,pari.syrian017@example.com,User@1234
user_018,Vaibhav Jat Sikh,vaibhav.jat018@example.com,User@1234
user_019,Rania Jat Sikh,rania.jat019@example.com,User@1234
user_020,Zain Suresh,zain.suresh020@example.com,User@1234
user_021,Ryan Khatri,ryan.khatri021@example.com,User@1234
user_022,Arhaan Sharma,arhaan.sharma022@example.com,User@1234
user_023,Himmat Dutt,himmat.dutt023@example.com,User@1234
user_024,Bhamini Digambar,bhamini.digambar024@example.com,User@1234
user_025,Trisha Dhingra,trisha.dhingra025@example.com,User@1234
user_026,Tejas Chaudhari,tejas.chaudhari026@example.com,User@1234
user_027,Aaryahi Shan,aaryahi.shan027@example.com,User@1234
user_028,Mannat Taneja,mannat.taneja028@example.com,User@1234
user_029,Hridaan Sharma,hridaan.sharma029@example.com,User@1234
user_030,Kabir Rau,kabir.rau030@example.com,User@1234
user_031,Tushar Patel,tushar.patel031@example.com,User@1234
user_032,Shalv Vig,shalv.vig032@example.com,User@1234
user_033,Kimaya Sethi,kimaya.sethi033@example.com,User@1234
user_034,Anya Madan,anya.madan034@example.com,User@1234
user_035,Prisha Khare,prisha.khare035@example.com,User@1234
user_036,Tejas Reddy,tejas.reddy036@example.com,User@1234
user_037,Mohanlal Barad,mohanlal.barad037@example.com,User@1234
user_038,Farhan Khatri,farhan.khatri038@example.com,User@1234
user_039,Taran Guha,taran.guha039@example.com,User@1234
user_040,Indrajit Dhingra,indrajit.dhingra040@example.com,User@1234
user_041,Drishya Khatri,drishya.khatri041@example.com,User@1234
user_042,Chirag Brahmin,chirag.brahmin042@example.com,User@1234
user_043,Priyansh Shwetambar,priyansh.shwetambar043@example.com,User@1234
user_044,Amani Digambar,amani.digambar044@example.com,User@1234
user_045,Ishita Shwetambar,ishita.shwetambar045@example.com,User@1234
user_046,Kashvi Shwetambar,kashvi.shwetambar046@example.com,User@1234
user_047,Bhamini Shan,bhamini.shan047@example.com,User@1234
user_048,Aarna Digambar,aarna.digambar048@example.com,User@1234
user_049,Amani Chhabra,amani.chhabra049@example.com,User@1234
user_050,Mamooty Syrian Catholic,mamooty.syrian050@example.com,User@1234
user_051,Shanaya Digambar,shanaya.digambar051@example.com,User@1234
user_052,Riaan Brahmin,riaan.brahmin052@example.com,User@1234
user_053,Ishita Trivedi,ishita.trivedi053@example.com,User@1234
user_054,Himmat Chandra,himmat.chandra054@example.com,User@1234
user_055,Akarsh Brahmin,akarsh.brahmin055@example.com,User@1234
user_056,Purab Khatri,purab.khatri056@example.com,User@1234
user_057,Kavya Dugar,kavya.dugar057@example.com,User@1234
user_058,Vidur Syrian Catholic,vidur.syrian058@example.com,User@1234
user_059,Manikya Jat Sikh,manikya.jat059@example.com,User@1234
user_060,Saira Shwetambar,saira.shwetambar060@example.com,User@1234
user_061,Mamooty Biswas,mamooty.biswas061@example.com,User@1234
user_062,Elakshi Jat Sikh,elakshi.jat062@example.com,User@1234
user_063,Kismat Bhagat,kismat.bhagat063@example.com,User@1234
user_064,Hridaan Protestant,hridaan.protestant064@example.com,User@1234
user_065,Oorja Srinivas,oorja.srinivas065@example.com,User@1234
user_066,Vedika Brahmin,vedika.brahmin066@example.com,User@1234
user_067,Manikya Digambar,manikya.digambar067@example.com,User@1234
user_068,Aradhya Khatri,aradhya.khatri068@example.com,User@1234
user_069,Vihaan Jat Sikh,vihaan.jat069@example.com,User@1234
user_070,Shlok Khatri,shlok.khatri070@example.com,User@1234
user_071,Vaibhav Syrian Catholic,vaibhav.syrian071@example.com,User@1234
user_072,Vidur Digambar,vidur.digambar072@example.com,User@1234
user_073,Kavya Iyer,kavya.iyer073@example.com,User@1234
user_074,Inaaya  Bora,inaaya.bora074@example.com,User@1234
user_075,Shanaya Balan,shanaya.balan075@example.com,User@1234
user_076,Taimur Khatri,taimur.khatri076@example.com,User@1234
user_077,Aradhya Raman,aradhya.raman077@example.com,User@1234
user_078,Saira Raj,saira.raj078@example.com,User@1234
user_079,Ojas Jat Sikh,ojas.jat079@example.com,User@1234
user_080,Ishaan Goda,ishaan.goda080@example.com,User@1234
user_081,Stuvan Shwetambar,stuvan.shwetambar081@example.com,User@1234
user_082,Miraya Chokshi,miraya.chokshi082@example.com,User@1234
user_083,Tarini Syrian Catholic,tarini.syrian083@example.com,User@1234
user_084,Parinaaz Raja,parinaaz.raja084@example.com,User@1234
user_085,Ehsaan Patel,ehsaan.patel085@example.com,User@1234
user_086,Dhanuk Shwetambar,dhanuk.shwetambar086@example.com,User@1234
user_087,Pranay Digambar,pranay.digambar087@example.com,User@1234
user_088,Jayesh Jat Sikh,jayesh.jat088@example.com,User@1234
user_089,Dhruv Maharaj,dhruv.maharaj089@example.com,User@1234
user_090,Biju Sant,biju.sant090@example.com,User@1234
user_091,Yakshit Kuruvilla,yakshit.kuruvilla091@example.com,User@1234
user_092,Hridaan Sharma,hridaan.sharma092@example.com,User@1234
user_093,Tushar Syrian Catholic,tushar.syrian093@example.com,User@1234
user_094,Rania Khatri,rania.khatri094@example.com,User@1234
user_095,Adah Sharma,adah.sharma095@example.com,User@1234
user_096,Hiran Mallick,hiran.mallick096@example.com,User@1234
user_097,Vardaniya Jat Sikh,vardaniya.jat097@example.com,User@1234
user_098,Rania Patel,rania.patel098@example.com,User@1234
user_099,Ryan Jat Sikh,ryan.jat099@example.com,User@1234
user_100,Lagan Iyer,lagan.iyer100@example.com,User@1234
user_101,Diya Tandon,diya.tandon101@example.com,User@1234
user_102,Lakshay Syrian Catholic,lakshay.syrian102@example.com,User@1234
user_103,Adira Shwetambar,adira.shwetambar103@example.com,User@1234
user_104,Vritika Bhandari,vritika.bhandari104@example.com,User@1234
user_105,Anika Sankar,anika.sankar105@example.com,User@1234
user_106,Anvi Syrian Catholic,anvi.syrian106@example.com,User@1234
user_107,Faiyaz Protestant,faiyaz.protestant107@example.com,User@1234
user_108,Riaan Shwetambar,riaan.shwetambar108@example.com,User@1234
user_109,Samar Chandran,samar.chandran109@example.com,User@1234
user_110,Eshani Kalla,eshani.kalla110@example.com,User@1234
user_111,Uthkarsh Kala,uthkarsh.kala111@example.com,User@1234
user_112,Aaina Khatri,aaina.khatri112@example.com,User@1234
user_113,Purab Digambar,purab.digambar113@example.com,User@1234
user_114,Tara Babu,tara.babu114@example.com,User@1234
user_115,Nayantara Shwetambar,nayantara.shwetambar115@example.com,User@1234
user_116,Aarna Korpal,aarna.korpal116@example.com,User@1234
user_117,Shamik Shwetambar,shamik.shwetambar117@example.com,User@1234
user_118,Manikya Khatri,manikya.khatri118@example.com,User@1234
user_119,Vivaan Behl,vivaan.behl119@example.com,User@1234
user_120,Pihu Shwetambar,pihu.shwetambar120@example.com,User@1234
user_121,Kiara Shwetambar,kiara.shwetambar121@example.com,User@1234
user_122,Dhruv Tank,dhruv.tank122@example.com,User@1234
user_123,Navya Hora,navya.hora123@example.com,User@1234
user_124,Siya Digambar,siya.digambar124@example.com,User@1234
user_125,Ishita Iyer,ishita.iyer125@example.com,User@1234
user_126,Ela Syrian Catholic,ela.syrian126@example.com,User@1234
user_127,Shlok Patel,shlok.patel127@example.com,User@1234
user_128,Neelofar Kuruvilla,neelofar.kuruvilla128@example.com,User@1234
user_129,Tarini Krishnan,tarini.krishnan129@example.com,User@1234
user_130,Yuvraj  Reddy,yuvraj.reddy130@example.com,User@1234
user_131,Miraya Iyer,miraya.iyer131@example.com,User@1234
user_132,Jivika Sharma,jivika.sharma132@example.com,User@1234
user_133,Himmat Sharma,himmat.sharma133@example.com,User@1234
user_134,Indranil Upadhyay,indranil.upadhyay134@example.com,User@1234
user_135,Kismat Iyer,kismat.iyer135@example.com,User@1234
user_136,Hridaan Jat Sikh,hridaan.jat136@example.com,User@1234
user_137,Kartik Kapur,kartik.kapur137@example.com,User@1234
user_138,Priyansh Khatri,priyansh.khatri138@example.com,User@1234
user_139,Tejas Iyer,tejas.iyer139@example.com,User@1234
user_140,Tarini Protestant,tarini.protestant140@example.com,User@1234
user_141,Ishita Warrior,ishita.warrior141@example.com,User@1234
user_142,Kismat Sharma,kismat.sharma142@example.com,User@1234
user_143,Chirag Protestant,chirag.protestant143@example.com,User@1234
user_144,Dishani Yadav,dishani.yadav144@example.com,User@1234
user_145,Nitara Cheema,nitara.cheema145@example.com,User@1234
user_146,Yuvraj  Protestant,yuvraj.protestant146@example.com,User@1234
user_147,Jivin Kaul,jivin.kaul147@example.com,User@1234
user_148,Sahil Jayaraman,sahil.jayaraman148@example.com,User@1234
user_149,Amira Syrian Catholic,amira.syrian149@example.com,User@1234
user_150,Kabir Keer,kabir.keer150@example.com,User@1234
user_151,Anay Digambar,anay.digambar151@example.com,User@1234
user_152,Yakshit Digambar,yakshit.digambar152@example.com,User@1234
user_153,Mamooty Syrian Catholic,mamooty.syrian153@example.com,User@1234
user_154,Jivin Jat Sikh,jivin.jat154@example.com,User@1234
user_155,Eshani Hegde,eshani.hegde155@example.com,User@1234
user_156,Vidur Chakrabarti,vidur.chakrabarti156@example.com,User@1234
user_157,Devansh Balasubramanian,devansh.balasubramanian157@example.com,User@1234
user_158,Pranay Krishna,pranay.krishna158@example.com,User@1234
user_159,Alisha Khatri,alisha.khatri159@example.com,User@1234
user_160,Tanya Ram,tanya.ram160@example.com,User@1234
user_161,Oorja Ramaswamy,oorja.ramaswamy161@example.com,User@1234
user_162,Pranay Reddy,pranay.reddy162@example.com,User@1234
user_163,Zaina Protestant,zaina.protestant163@example.com,User@1234
user_164,Tara Syrian Catholic,tara.syrian164@example.com,User@1234
user_165,Miraan Chahal,miraan.chahal165@example.com,User@1234
user_166,Chirag Singh,chirag.singh166@example.com,User@1234
user_167,Abram Shukla,abram.shukla167@example.com,User@1234
user_168,Divit Kant,divit.kant168@example.com,User@1234
user_169,Nishith Syrian Catholic,nishith.syrian169@example.com,User@1234
user_170,Krish Khatri,krish.khatri170@example.com,User@1234
user_171,Elakshi Shwetambar,elakshi.shwetambar171@example.com,User@1234
user_172,Vidur Mannan,vidur.mannan172@example.com,User@1234
user_173,Madhup Syrian Catholic,madhup.syrian173@example.com,User@1234
user_174,Tara Khatri,tara.khatri174@example.com,User@1234
user_175,Baiju Jat Sikh,baiju.jat175@example.com,User@1234
user_176,Anahita Khatri,anahita.khatri176@example.com,User@1234
user_177,Prerak Syrian Catholic,prerak.syrian177@example.com,User@1234
user_178,Hansh Lad,hansh.lad178@example.com,User@1234
user_179,Dishani Jat Sikh,dishani.jat179@example.com,User@1234
user_180,Indrans Syrian Catholic,indrans.syrian180@example.com,User@1234
user_181,Divyansh Shwetambar,divyansh.shwetambar181@example.com,User@1234
user_182,Oorja Lad,oorja.lad182@example.com,User@1234
user_183,Indrans Varughese,indrans.varughese183@example.com,User@1234
user_184,Indranil Lall,indranil.lall184@example.com,User@1234
user_185,Stuvan Khatri,stuvan.khatri185@example.com,User@1234
user_186,Umang Digambar,umang.digambar186@example.com,User@1234
user_187,Mannat Protestant,mannat.protestant187@example.com,User@1234
user_188,Yakshit Bal,yakshit.bal188@example.com,User@1234
user_189,Ivan Protestant,ivan.protestant189@example.com,User@1234
user_190,Ehsaan Brahmin,ehsaan.brahmin190@example.com,User@1234
user_191,Vanya Roy,vanya.roy191@example.com,User@1234
user_192,Raghav Walia,raghav.walia192@example.com,User@1234
user_193,Romil Garde,romil.garde193@example.com,User@1234
user_194,Kanav Agarwal,kanav.agarwal194@example.com,User@1234
user_195,Aaryahi Ramanathan,aaryahi.ramanathan195@example.com,User@1234
user_196,Stuvan Protestant,stuvan.protestant196@example.com,User@1234
user_197,Seher Syrian Catholic,seher.syrian197@example.com,User@1234
user_198,Seher Shwetambar,seher.shwetambar198@example.com,User@1234
user_199,Yashvi Dani,yashvi.dani199@example.com,User@1234
user_200,Rohan Digambar,rohan.digambar200@example.com,User@1234
